X,Y,I
0.0001,0.324,0.05
0.0001,0.324,0.05
0.0001,0.324,0.05
0.0001,0.324,0.05
0.0001,0.324,0.05
0.0001,0.324,0.05
0.0001,0.324,0.05
0.0001,0.324,0.05
0.0001,0.324,0.05
0.0001,0.324,0.05
0.0001,0.324,0.05
0.0001,0.324,0.05
0.0001,0.324,0.05
0.0001,0.324,0.05
0.0001,0.324,0.05
0.0001,0.324,0.05
0.0001,0.324,0.05
0.0001,0.324,0.05
0.0001,0.324,0.05
0.0001,0.324,0.05
0.000159,0.323996,0.05
0.000188,0.323996,0.05
0.000197,0.323996,0.05
0.000199,0.323996,0.05
0.000199,0.323996,0.05
0.000199,0.323996,0.05
0.000199,0.323996,0.05
0.000199,0.323996,0.05
0.000199,0.323996,0.05
0.000199,0.323996,0.05
0.000199,0.323996,0.05
0.000199,0.323996,0.05
0.000199,0.323996,0.05
0.000199,0.323996,0.05
0.000199,0.323996,0.05
0.000199,0.323996,0.05
0.000199,0.323996,0.05
0.000199,0.323996,0.05
0.000199,0.323996,0.05
0.000199,0.323996,0.05
0.000268,0.323987,0.05
0.000329,0.323982,0.05
0.00037,0.32398,0.05
0.000388,0.323979,0.05
0.000393,0.323979,0.05
0.000397,0.323979,0.05
0.000398,0.323979,0.05
0.000398,0.323979,0.05
0.000398,0.323979,0.05
0.000398,0.323979,0.05
0.000398,0.323979,0.05
0.000398,0.323979,0.05
0.000398,0.323979,0.05
0.000398,0.323979,0.05
0.000398,0.323979,0.05
0.000398,0.323979,0.05
0.000398,0.323979,0.05
0.000397,0.323979,0.05
0.000397,0.323979,0.05
0.000397,0.323979,0.05
0.000483,0.323961,0.05
0.000579,0.323943,0.05
0.000677,0.323925,0.05
0.000732,0.323911,0.05
0.000759,0.323907,0.05
0.000778,0.323903,0.05
0.000786,0.323901,0.05
0.000788,0.3239,0.05
0.000789,0.3239,0.05
0.000788,0.3239,0.05
0.000788,0.3239,0.05
0.000788,0.3239,0.05
0.000788,0.3239,0.05
0.000786,0.3239,0.05
0.000785,0.3239,0.05
0.000785,0.3239,0.05
0.000784,0.3239,0.05
0.000784,0.3239,0.05
0.000784,0.3239,0.05
0.000783,0.3239,0.05
0.000878,0.323866,0.05
0.001029,0.323802,0.05
0.001212,0.323741,0.05
0.001325,0.323693,0.05
0.001415,0.323659,0.05
0.00147,0.32364,0.05
0.0015,0.32363,0.05
0.00151,0.323626,0.05
0.001517,0.323622,0.05
0.001521,0.32362,0.05
0.001522,0.32362,0.05
0.001523,0.32362,0.05
0.001523,0.32362,0.05
0.001524,0.323619,0.05
0.001524,0.323619,0.05
0.001524,0.323619,0.05
0.001524,0.323619,0.05
0.001524,0.323619,0.05
0.001524,0.323619,0.05
0.001525,0.323619,0.05
0.001615,0.323579,0.05
0.001811,0.323491,0.05
0.002071,0.323384,0.05
0.002291,0.323294,0.05
0.002452,0.323227,0.049999
0.002588,0.32317,0.049999
0.002657,0.323139,0.049999
0.002701,0.323121,0.049999
0.00272,0.32311,0.049998
0.002733,0.323103,0.049998
0.002742,0.3231,0.049998
0.002748,0.323098,0.049998
0.00275,0.323096,0.049997
0.002752,0.323095,0.049997
0.00275,0.323094,0.049997
0.002749,0.323094,0.049997
0.002748,0.323094,0.049997
0.00275,0.323094,0.049997
0.002748,0.323094,0.049997
0.002751,0.323094,0.049997
0.002821,0.323069,0.049997
0.003027,0.322987,0.049997
0.003349,0.322846,0.049997
0.003644,0.322741,0.049997
0.003895,0.322627,0.049996
0.004102,0.322524,0.049996
0.004253,0.322457,0.049994
0.004341,0.322423,0.049994
0.004396,0.322394,0.049994
0.00444,0.322379,0.049994
0.004458,0.322372,0.049994
0.004469,0.322367,0.049994
0.004481,0.322366,0.049993
0.004486,0.322365,0.049993
0.00449,0.322363,0.049993
0.004496,0.322363,0.049992
0.004497,0.322363,0.049992
0.004496,0.322363,0.049992
0.004495,0.322363,0.049992
0.004497,0.322363,0.049992
0.004547,0.322342,0.049992
0.004762,0.322271,0.049992
0.005089,0.322137,0.049991
0.005462,0.321992,0.04999
0.0058,0.321858,0.049989
0.006103,0.321732,0.049989
0.006349,0.321621,0.049987
0.00651,0.321565,0.049986
0.006611,0.321517,0.049986
0.006686,0.321488,0.049986
0.006735,0.321471,0.049985
0.006767,0.321451,0.049985
0.006781,0.321448,0.049985
0.006796,0.321445,0.049985
0.006811,0.321441,0.049985
0.00683,0.321439,0.049985
0.006831,0.321439,0.049985
0.00684,0.321439,0.049983
0.006843,0.321438,0.049982
0.00685,0.321436,0.049982
0.006897,0.321421,0.049982
0.007095,0.321344,0.049981
0.007381,0.321233,0.049981
0.007806,0.321063,0.04998
0.008222,0.320897,0.049978
0.008614,0.320737,0.049976
0.008963,0.320571,0.049975
0.009199,0.320478,0.049974
0.009373,0.320411,0.049972
0.009515,0.320364,0.049971
0.009594,0.32034,0.049971
0.009652,0.320317,0.049971
0.009696,0.320299,0.049971
0.009731,0.320285,0.04997
0.009754,0.320278,0.04997
0.009778,0.32027,0.04997
0.009791,0.320268,0.049969
0.009807,0.320266,0.049969
0.009823,0.320259,0.049969
0.00984,0.320254,0.049969
0.009884,0.32024,0.049969
0.010046,0.320177,0.049968
0.010312,0.320068,0.049968
0.010729,0.319912,0.049967
0.011203,0.319708,0.049965
0.011671,0.319524,0.049963
0.012101,0.319343,0.049963
0.01241,0.319227,0.04996
0.012662,0.319122,0.049957
0.012879,0.319043,0.049956
0.01303,0.318992,0.049955
0.013129,0.318951,0.049954
0.013215,0.318921,0.049954
0.013283,0.318899,0.049954
0.013321,0.318885,0.049954
0.013384,0.318869,0.049952
0.013414,0.318858,0.049951
0.013445,0.318849,0.049949
0.013478,0.318839,0.049948
0.013496,0.318833,0.049947
0.013528,0.318819,0.049947
0.013678,0.318751,0.049946
0.013965,0.318634,0.049943
0.014353,0.318484,0.049942
0.014834,0.318281,0.049941
0.015377,0.318058,0.049941
0.01587,0.317859,0.049941
0.016293,0.317688,0.04994
0.016606,0.317566,0.04994
0.01691,0.317444,0.04994
0.017124,0.31736,0.049937
0.017301,0.317301,0.049937
0.017416,0.317268,0.049935
0.017515,0.317236,0.049934
0.017599,0.3172,0.049932
0.017672,0.317171,0.049929
0.01776,0.317155,0.049928
0.017813,0.317141,0.049928
0.017865,0.317126,0.049925
0.017899,0.317116,0.049923
0.01794,0.317104,0.049922
0.018061,0.317063,0.049922
0.018303,0.316943,0.049921
0.018659,0.316807,0.049919
0.019132,0.316611,0.049918
0.019692,0.316396,0.049915
0.020232,0.316164,0.049913
0.020739,0.315951,0.04991
0.02115,0.315788,0.049909
0.021548,0.31564,0.049905
0.021856,0.31553,0.049904
0.022147,0.315423,0.049903
0.022368,0.315353,0.049898
0.022512,0.315306,0.049897
0.022662,0.315259,0.049895
0.022778,0.315225,0.049893
0.022888,0.315185,0.049891
0.02298,0.315151,0.04989
0.023064,0.31513,0.049888
0.023135,0.31511,0.049887
0.023194,0.3151,0.049887
0.023328,0.31505,0.049885
0.023518,0.314974,0.049884
0.023863,0.314839,0.049878
0.024332,0.314665,0.049878
0.024889,0.314444,0.049874
0.025473,0.314199,0.04987
0.026038,0.313964,0.049865
0.026524,0.313776,0.049864
0.027069,0.313549,0.049862
0.027479,0.313384,0.049854
0.027823,0.313261,0.049851
0.028111,0.313163,0.049846
0.028349,0.313078,0.049843
0.028555,0.312992,0.049839
0.028732,0.312942,0.049838
0.028884,0.312888,0.049835
0.02902,0.312838,0.049831
0.029138,0.312794,0.049828
0.029259,0.312753,0.049825
0.029376,0.312726,0.049822
0.029507,0.312686,0.049819
0.0297,0.312612,0.049816
0.030013,0.312482,0.049816
0.030442,0.312304,0.049815
0.030979,0.312081,0.049814
0.031573,0.311819,0.049812
0.032163,0.311573,0.049809
0.03274,0.311331,0.049802
0.033329,0.311105,0.049795
0.033852,0.31088,0.04979
0.034274,0.310718,0.049787
0.034635,0.310572,0.049785
0.034971,0.310465,0.049783
0.035268,0.310348,0.04978
0.035541,0.310246,0.049777
0.035758,0.310171,0.049772
0.035954,0.310095,0.049769
0.036116,0.310048,0.049768
0.036276,0.310007,0.049764
0.036451,0.30996,0.049762
0.03663,0.309905,0.049756
0.036828,0.309849,0.049754
0.037112,0.309734,0.049751
0.037501,0.309571,0.049745
0.038049,0.309348,0.04974
0.038665,0.309091,0.049736
0.039283,0.308836,0.049729
0.039931,0.308577,0.049724
0.040585,0.308301,0.049712
0.041222,0.308052,0.0497
0.041759,0.307855,0.049693
0.042241,0.307659,0.049689
0.042647,0.307519,0.04968
0.043035,0.307392,0.049672
0.04338,0.30727,0.049669
0.0437,0.307162,0.049663
0.043958,0.307085,0.049658
0.044215,0.306992,0.049653
0.044441,0.306917,0.049648
0.044683,0.306825,0.049645
0.04494,0.306751,0.049641
0.045143,0.306684,0.049636
0.045424,0.306579,0.049633
0.045819,0.306433,0.049629
0.046328,0.306248,0.049621
0.046924,0.305981,0.049616
0.047581,0.305714,0.049611
0.04821,0.305459,0.049603
0.04891,0.30519,0.049597
0.049598,0.304911,0.049586
0.050218,0.304676,0.049579
0.05079,0.304476,0.049572
0.051357,0.304293,0.049563
0.051836,0.304139,0.049551
0.052262,0.304,0.049549
0.052694,0.303847,0.04954
0.053072,0.303727,0.04953
0.053417,0.303605,0.049522
0.053735,0.303478,0.049517
0.054047,0.303383,0.049514
0.054372,0.303282,0.049508
0.054683,0.303164,0.049504
0.055011,0.303058,0.049498
0.055427,0.302895,0.049495
0.055901,0.302715,0.049485
0.056473,0.302461,0.049479
0.057141,0.302175,0.04947
0.057767,0.301916,0.049462
0.058493,0.30164,0.049456
0.059211,0.301349,0.049446
0.059902,0.301065,0.049436
0.060562,0.300814,0.049431
0.061187,0.3006,0.049427
0.061803,0.300379,0.049413
0.062379,0.300179,0.049404
0.062881,0.299999,0.049392
0.063359,0.299831,0.049384
0.063808,0.299672,0.049377
0.064223,0.29953,0.049363
0.06461,0.29942,0.049358
0.064959,0.299307,0.04935
0.065358,0.299187,0.049343
0.065766,0.299045,0.049333
0.066141,0.298924,0.049321
0.066622,0.298751,0.049314
0.067219,0.298515,0.049306
0.067928,0.298245,0.049298
0.068583,0.297985,0.049292
0.069334,0.29769,0.049288
0.070108,0.297404,0.049279
0.070855,0.297131,0.049268
0.071577,0.296851,0.049256
0.072251,0.2966,0.04925
0.072996,0.296332,0.049237
0.073695,0.29608,0.049223
0.074306,0.295882,0.04921
0.074868,0.295695,0.049195
0.075405,0.295503,0.049186
0.075961,0.295339,0.049167
0.076443,0.295194,0.049158
0.076903,0.295045,0.049143
0.0774,0.294882,0.049135
0.07789,0.294725,0.049121
0.07834,0.294579,0.049112
0.07889,0.294415,0.049105
0.079486,0.294184,0.049096
0.080181,0.293933,0.049086
0.080895,0.293659,0.049071
0.081657,0.293368,0.049067
0.082473,0.293052,0.04906
0.083303,0.292757,0.049048
0.084087,0.292477,0.049041
0.084852,0.292217,0.049028
0.085637,0.291952,0.049015
0.086412,0.291678,0.049003
0.087127,0.291447,0.04899
0.087834,0.291231,0.048972
0.088493,0.291016,0.048964
0.089104,0.290805,0.048951
0.089695,0.290611,0.048941
0.090239,0.29043,0.048934
0.090778,0.290242,0.048916
0.091339,0.290054,0.048904
0.091903,0.289871,0.048892
0.092478,0.289684,0.048877
0.093166,0.28947,0.048869
0.093863,0.289184,0.048859
0.094596,0.288905,0.048838
0.095401,0.288617,0.048821
0.096191,0.288331,0.048808
0.097079,0.288016,0.048797
0.097956,0.287679,0.048782
0.098779,0.287392,0.048767
0.099655,0.287084,0.048753
0.100539,0.286778,0.048736
0.101406,0.286471,0.048717
0.102229,0.286164,0.048702
0.102981,0.285892,0.048686
0.103713,0.285674,0.048675
0.104382,0.285461,0.048661
0.105076,0.285228,0.048647
0.10576,0.285001,0.048627
0.106349,0.284787,0.048613
0.107019,0.284572,0.048598
0.107698,0.284347,0.048582
0.108428,0.284093,0.048571
0.109194,0.283796,0.048559
0.110015,0.28352,0.048543
0.110856,0.283235,0.048522
0.111721,0.282916,0.048507
0.112615,0.282608,0.048489
0.113592,0.282275,0.048475
0.114504,0.281934,0.048461
0.115413,0.281607,0.048443
0.116384,0.281252,0.048427
0.117302,0.2809,0.048409
0.118256,0.280554,0.048392
0.119105,0.280246,0.048368
0.11994,0.279953,0.048349
0.120728,0.279674,0.048329
0.121521,0.2794,0.048317
0.122312,0.279134,0.048305
0.123054,0.278885,0.048276
0.123768,0.278653,0.048259
0.124517,0.278395,0.048244
0.125306,0.278134,0.048223
0.126175,0.277818,0.0482
0.127005,0.277523,0.048168
0.127894,0.277215,0.048146
0.128854,0.276887,0.048125
0.129773,0.276537,0.048106
0.130771,0.276201,0.048084
0.131709,0.275875,0.048066
0.132686,0.275526,0.048054
0.133706,0.27515,0.048033
0.134709,0.274782,0.048009
0.135766,0.274422,0.047991
0.136701,0.274082,0.047975
0.13767,0.27375,0.047955
0.138597,0.273437,0.047936
0.139492,0.273121,0.04791
0.140429,0.272824,0.047887
0.141337,0.27251,0.047863
0.142149,0.272259,0.047847
0.142958,0.27197,0.04782
0.143815,0.271684,0.047795
0.144724,0.27135,0.047771
0.145636,0.271041,0.047751
0.146519,0.270746,0.04773
0.147553,0.270386,0.047703
0.148542,0.270042,0.047689
0.149577,0.269683,0.047671
0.1506,0.269303,0.047637
0.151693,0.268949,0.047613
0.152709,0.268576,0.04758
0.153804,0.268201,0.047567
0.154891,0.267804,0.047551
0.155948,0.267411,0.047518
0.157073,0.267024,0.047494
0.15805,0.266683,0.047468
0.159127,0.266302,0.047445
0.160151,0.265957,0.047421
0.161171,0.26559,0.047397
0.162189,0.265242,0.047378
0.163107,0.264936,0.047358
0.164047,0.264616,0.047329
0.164988,0.264284,0.047291
0.165982,0.263949,0.047276
0.167043,0.263578,0.047251
0.168138,0.263237,0.047226
0.169221,0.262881,0.0472
0.170295,0.262528,0.047171
0.171398,0.26213,0.047147
0.172485,0.261733,0.047124
0.173633,0.26134,0.047093
0.174813,0.260923,0.047069
0.175993,0.260487,0.047039
0.177085,0.260096,0.047022
0.178211,0.259659,0.046995
0.179342,0.259256,0.046968
0.180432,0.258871,0.046946
0.181612,0.258437,0.046917
0.182822,0.258046,0.046893
0.183866,0.257688,0.046869
0.184961,0.257325,0.046848
0.185998,0.256976,0.04682
0.187072,0.256583,0.046795
0.188136,0.256235,0.046762
0.18921,0.255862,0.046737
0.190371,0.255465,0.046706
0.191542,0.255075,0.04669
0.192759,0.254649,0.046665
0.193874,0.254246,0.046641
0.195032,0.253843,0.04661
0.196207,0.253434,0.046581
0.1975,0.25296,0.046558
0.198745,0.2525,0.046534
0.199983,0.25207,0.046496
0.201168,0.251659,0.046462
0.202414,0.251242,0.046436
0.203645,0.250784,0.046407
0.204895,0.250315,0.046383
0.206172,0.249854,0.046363
0.207444,0.249438,0.046335
0.208693,0.249001,0.046297
0.209916,0.248566,0.046268
0.211115,0.248158,0.046246
0.212262,0.247767,0.046213
0.2134,0.247351,0.046182
0.214605,0.246951,0.046146
0.215928,0.246537,0.04611
0.217172,0.246096,0.046078
0.218461,0.245691,0.046047
0.219755,0.245259,0.046007
0.221078,0.244807,0.045981
0.222387,0.24437,0.045944
0.223771,0.243894,0.045902
0.225133,0.243401,0.045877
0.226415,0.24293,0.045833
0.227731,0.242489,0.045797
0.229036,0.242048,0.045769
0.230303,0.24159,0.045726
0.231742,0.241127,0.045679
0.233023,0.240685,0.045646
0.234338,0.240259,0.045615
0.235694,0.239801,0.045577
0.237051,0.239376,0.045538
0.238402,0.238961,0.045501
0.239624,0.238535,0.045469
0.240897,0.238111,0.045438
0.242261,0.237647,0.045405
0.243572,0.237226,0.045367
0.244939,0.23677,0.045335
0.246285,0.23632,0.045299
0.247615,0.235838,0.045265
0.249034,0.235362,0.045232
0.250432,0.234886,0.045191
0.251898,0.234387,0.045137
0.253324,0.233875,0.045102
0.254758,0.233365,0.045066
0.256089,0.232919,0.045026
0.257461,0.232488,0.044973
0.258888,0.232005,0.044942
0.260297,0.231532,0.044909
0.261737,0.231057,0.044876
0.263201,0.230577,0.044827
0.264651,0.230119,0.044776
0.266044,0.229644,0.044741
0.267443,0.229199,0.044693
0.268835,0.228717,0.044656
0.270203,0.228268,0.044619
0.271655,0.227769,0.044588
0.273111,0.227289,0.044546
0.274506,0.226838,0.044515
0.275997,0.226338,0.044467
0.277446,0.225865,0.044426
0.278935,0.225313,0.04438
0.280453,0.224836,0.044341
0.281955,0.22433,0.044298
0.283545,0.223833,0.044256
0.284878,0.223394,0.044218
0.286342,0.222903,0.044172
0.287839,0.222388,0.044126
0.289402,0.221872,0.044078
0.290911,0.221389,0.044042
0.29241,0.22086,0.044
0.293973,0.220309,0.043956
0.295427,0.219826,0.043924
0.296972,0.219319,0.043865
0.29848,0.218824,0.043823
0.299921,0.218331,0.04377
0.30147,0.217808,0.043731
0.303002,0.217313,0.043686
0.304503,0.21681,0.043631
0.306049,0.216295,0.043587
0.307608,0.215788,0.043542
0.309144,0.21529,0.04351
0.31067,0.214819,0.043468
0.312232,0.2143,0.043421
0.313849,0.213753,0.043371
0.315363,0.213256,0.043332
0.316984,0.21272,0.043276
0.318514,0.212229,0.043238
0.320073,0.211709,0.043181
0.321659,0.211168,0.043126
0.323342,0.21063,0.043074
0.324942,0.210103,0.043014
0.326527,0.209574,0.042974
0.328136,0.209021,0.042915
0.329682,0.208507,0.042875
0.331231,0.207992,0.042834
0.332822,0.207442,0.042781
0.334393,0.206938,0.04273
0.33593,0.206407,0.042689
0.337492,0.205909,0.042633
0.339161,0.205397,0.042589
0.340702,0.204872,0.042553
0.342325,0.204367,0.042485
0.343922,0.203854,0.042433
0.34551,0.203315,0.042378
0.347131,0.202774,0.042323
0.348777,0.20222,0.042276
0.350389,0.201666,0.042215
0.352016,0.201068,0.042169
0.353622,0.200545,0.042119
0.355292,0.199968,0.042061
0.356932,0.199474,0.042005
0.358596,0.198924,0.041954
0.360273,0.198417,0.041895
0.361943,0.197898,0.041848
0.36359,0.197373,0.041803
0.365213,0.196857,0.041751
0.366858,0.196338,0.041712
0.368453,0.195808,0.041666
0.370025,0.195313,0.041632
0.371648,0.194759,0.04158
0.37334,0.1942,0.041533
0.374969,0.193636,0.041486
0.376592,0.193115,0.041415
0.378288,0.192582,0.041354
0.379952,0.192034,0.041295
0.381639,0.191446,0.04124
0.383317,0.190896,0.041166
0.38503,0.190346,0.041096
0.386732,0.189808,0.041044
0.388447,0.189265,0.040979
0.390099,0.18873,0.04093
0.391793,0.188163,0.040874
0.393518,0.187628,0.040813
0.395311,0.187073,0.040758
0.397072,0.186495,0.04069
0.398774,0.185947,0.040637
0.400408,0.1854,0.040583
0.402065,0.184881,0.040514
0.403765,0.184341,0.040454
0.405403,0.1838,0.040392
0.40716,0.183201,0.040339
0.40887,0.182631,0.040282
0.410533,0.18212,0.040234
0.412176,0.181609,0.040174
0.413897,0.1811,0.040114
0.415629,0.180524,0.040056
0.41726,0.179969,0.040011
0.41899,0.179439,0.039964
0.420732,0.17887,0.039895
0.422444,0.17832,0.039841
0.424087,0.177769,0.039765
0.425871,0.177166,0.039703
0.427529,0.176638,0.039645
0.429327,0.176059,0.039586
0.43101,0.175492,0.039537
0.432746,0.174927,0.039476
0.434499,0.174326,0.039409
0.436225,0.173789,0.039344
0.438001,0.173231,0.039277
0.439689,0.172675,0.039216
0.44136,0.17209,0.039158
0.443118,0.171503,0.039098
0.444723,0.170977,0.039048
0.446441,0.17041,0.038993
0.448177,0.169859,0.038924
0.449949,0.169251,0.038851
0.451606,0.168706,0.038774
0.453375,0.168138,0.038723
0.45513,0.167554,0.038671
0.4569,0.16699,0.038616
0.458619,0.166459,0.038555
0.460407,0.165857,0.038486
0.462183,0.165324,0.038431
0.463964,0.164753,0.038366
0.465776,0.164133,0.038292
0.46752,0.163591,0.038226
0.469241,0.163004,0.038162
0.470963,0.162464,0.038091
0.472753,0.161916,0.038025
0.47449,0.161333,0.037974
0.476192,0.160797,0.037908
0.477998,0.160194,0.037854
0.479772,0.159622,0.037794
0.481529,0.159056,0.037717
0.483258,0.158478,0.037666
0.485039,0.157863,0.037598
0.486757,0.157321,0.037533
0.488487,0.15675,0.037467
0.490251,0.156204,0.037404
0.49197,0.155614,0.037351
0.493767,0.155035,0.037283
0.495593,0.154472,0.037221
0.49742,0.153879,0.037155
0.499193,0.153258,0.037097
0.500978,0.152701,0.037039
0.502771,0.152142,0.03698
0.504581,0.151564,0.036901
0.506361,0.151036,0.036837
0.508137,0.150474,0.036761
0.509974,0.149917,0.036706
0.51169,0.149357,0.036648
0.513504,0.14878,0.036581
0.515318,0.148172,0.036523
0.517027,0.147622,0.03646
0.51876,0.147089,0.036389
0.520525,0.146488,0.036319
0.522272,0.14591,0.036264
0.524006,0.145337,0.036192
0.525767,0.144795,0.036125
0.527553,0.144241,0.036062
0.529265,0.143673,0.035998
0.531042,0.143134,0.035936
0.532931,0.142561,0.035865
0.534668,0.142019,0.035794
0.536483,0.141441,0.035719
0.538414,0.140835,0.03564
0.540228,0.140259,0.03557
0.542051,0.139686,0.035508
0.543908,0.139126,0.035442
0.545702,0.138573,0.03537
0.547559,0.137988,0.035322
0.549381,0.137431,0.035247
0.551101,0.136879,0.035173
0.552881,0.136337,0.035104
0.554609,0.135812,0.035042
0.556237,0.135291,0.034969
0.55796,0.134767,0.034886
0.55964,0.13426,0.034829
0.561392,0.133706,0.03475
0.563216,0.133152,0.034688
0.564913,0.132641,0.034607
0.566624,0.132071,0.034545
0.56837,0.131541,0.034473
0.57014,0.131006,0.034419
0.57193,0.13041,0.034332
0.573824,0.129802,0.034262
0.575663,0.12927,0.034193
0.577471,0.128722,0.034108
0.579204,0.12816,0.034037
0.581025,0.127613,0.033947
0.582773,0.127092,0.033869
0.584484,0.126553,0.033785
0.586182,0.126043,0.033712
0.587851,0.12554,0.033633
0.589474,0.124985,0.033562
0.591037,0.124518,0.033502
0.592732,0.124032,0.033429
0.594447,0.123502,0.033359
0.59616,0.122959,0.03328
0.597927,0.1224,0.033199
0.599606,0.121877,0.03313
0.601291,0.121378,0.033072
0.602958,0.120879,0.03301
0.604588,0.120386,0.032929
0.606241,0.119885,0.03285
0.607956,0.119346,0.032792
0.609766,0.118809,0.032707
0.611468,0.11829,0.032633
0.613187,0.117761,0.032562
0.61487,0.117263,0.032486
0.616548,0.116737,0.032413
0.618256,0.116215,0.03233
0.619864,0.115717,0.032249
0.621489,0.115216,0.032179
0.62319,0.114712,0.032096
0.624774,0.114221,0.03202
0.626382,0.113789,0.031949
0.627956,0.113335,0.031885
0.629539,0.112828,0.031815
0.631168,0.1123,0.03175
0.632775,0.111819,0.031662
0.634349,0.111313,0.031602
0.635998,0.110808,0.031531
0.637561,0.110346,0.031461
0.639128,0.109893,0.031386
0.640794,0.10939,0.031319
0.642415,0.10888,0.031243
0.64409,0.108404,0.031142
0.645706,0.107888,0.031075
0.647298,0.107428,0.030991
0.64884,0.106982,0.030909
0.650396,0.106555,0.030838
0.651969,0.106057,0.030772
0.653467,0.105608,0.030693
0.654956,0.105139,0.030611
0.65641,0.104703,0.030534
0.657837,0.104268,0.030444
0.659377,0.103816,0.030368
0.660778,0.103401,0.0303
0.662281,0.102939,0.030235
0.663711,0.102476,0.030164
0.665199,0.102016,0.030104
0.666752,0.101558,0.030016
0.66817,0.101117,0.029936
0.669646,0.100664,0.029845
0.671185,0.100222,0.029776
0.67262,0.099767,0.029691
0.674136,0.099299,0.029619
0.675604,0.098882,0.029547
0.677053,0.09844,0.029478
0.678517,0.098008,0.029415
0.679909,0.097566,0.029361
0.681318,0.097137,0.029298
0.682713,0.096728,0.02922
0.684109,0.096314,0.029143
0.685439,0.095917,0.029066
0.686804,0.095528,0.028982
0.688189,0.095106,0.028903
0.689557,0.094718,0.028835
0.690926,0.094312,0.028768
0.692222,0.093903,0.028694
0.693565,0.093532,0.0286
0.694936,0.093148,0.02852
0.696195,0.092774,0.02844
0.697594,0.092338,0.028357
0.698998,0.091923,0.028284
0.700338,0.091518,0.028204
0.701718,0.09114,0.028141
0.703039,0.090749,0.028071
0.704375,0.090363,0.027995
0.705745,0.089976,0.027932
0.707135,0.089558,0.027849
0.708459,0.089178,0.027776
0.70975,0.088796,0.027718
0.711001,0.088416,0.027657
0.712229,0.08805,0.027588
0.713475,0.087698,0.027523
0.714762,0.087308,0.027456
0.716005,0.086937,0.027389
0.717232,0.086561,0.027322
0.718446,0.086214,0.027259
0.719663,0.085902,0.02718
0.720869,0.085538,0.027119
0.722086,0.08522,0.027052
0.723272,0.084865,0.026989
0.724469,0.084532,0.026897
0.725687,0.084169,0.026825
0.726878,0.083814,0.026742
0.728118,0.083472,0.026659
0.729261,0.083146,0.026584
0.730436,0.082794,0.026501
0.731703,0.082466,0.02641
0.732972,0.082148,0.026354
0.734175,0.08182,0.026275
0.735312,0.081497,0.026205
0.736372,0.081184,0.026137
0.737459,0.080912,0.026061
0.738571,0.080609,0.025991
0.739653,0.080292,0.025914
0.740703,0.079996,0.02583
0.741719,0.079709,0.025767
0.742687,0.079425,0.025701
0.743728,0.079143,0.025625
0.744798,0.078839,0.025539
0.745863,0.078549,0.025465
0.74689,0.078257,0.025385
0.747967,0.077936,0.025309
0.748942,0.077646,0.025243
0.749962,0.077385,0.025162
0.750927,0.077101,0.025079
0.751918,0.076845,0.025009
0.752955,0.076575,0.024927
0.753938,0.07629,0.024863
0.754902,0.076028,0.02479
0.755861,0.075729,0.024725
0.756795,0.075458,0.024656
0.757707,0.075234,0.024589
0.758647,0.074985,0.024515
0.759537,0.074743,0.024442
0.760437,0.074524,0.024368
0.7613,0.074301,0.024291
0.762171,0.074072,0.024224
0.763093,0.07386,0.024156
0.763943,0.073628,0.024097
0.76477,0.073411,0.024034
0.765634,0.073158,0.023952
0.766515,0.07292,0.023889
0.767327,0.072704,0.023828
0.768191,0.072481,0.023745
0.769036,0.072269,0.023673
0.769869,0.072033,0.023589
0.770693,0.071844,0.023519
0.771483,0.071651,0.023448
0.772278,0.071458,0.023373
0.773068,0.071235,0.023318
0.773887,0.071028,0.02324
0.774666,0.070821,0.023177
0.775398,0.070617,0.02312
0.776116,0.070424,0.023049
0.776837,0.070263,0.022982
0.777561,0.070101,0.022916
0.778266,0.069923,0.022851
0.778934,0.069753,0.022793
0.77961,0.069556,0.022721
0.780327,0.069357,0.022664
0.78098,0.069169,0.022589
0.781639,0.068984,0.022523
0.782286,0.06883,0.022463
0.782895,0.068673,0.02239
0.783593,0.068503,0.022313
0.784235,0.068306,0.022246
0.784862,0.068161,0.022172
0.785501,0.068002,0.022121
0.78605,0.067839,0.022063
0.786653,0.067709,0.022002
0.787211,0.067555,0.021955
0.787835,0.067409,0.021878
0.78836,0.06726,0.021816
0.788829,0.067131,0.021765
0.789353,0.066998,0.0217
0.789762,0.066907,0.02165
0.790173,0.066809,0.021589
0.790646,0.066691,0.021538
0.791125,0.06658,0.021494
0.791636,0.066443,0.021427
0.792112,0.066317,0.021371
0.792535,0.066188,0.021321
0.792947,0.066068,0.021273
0.793387,0.065957,0.021218
0.793816,0.065847,0.021163
0.794307,0.065706,0.021102
0.794702,0.065583,0.021056
0.795089,0.065472,0.021006
0.795497,0.06536,0.020948
0.795875,0.065259,0.020903
0.796212,0.065162,0.020854
0.796646,0.065034,0.020806
0.797045,0.064919,0.020756
0.79741,0.064823,0.020699
0.797789,0.064709,0.020642
0.798096,0.064631,0.020582
0.798383,0.064558,0.020535
0.798699,0.064478,0.020484
0.799051,0.064378,0.020439
0.799383,0.064263,0.020391
0.799709,0.064176,0.020339
0.799982,0.064102,0.02029
0.800277,0.064008,0.020246
0.800584,0.063934,0.020192
0.800916,0.063841,0.020148
0.801188,0.063755,0.020095
0.801484,0.063684,0.020051
0.801791,0.063598,0.019997
0.802076,0.063525,0.019949
0.802355,0.063436,0.019896
0.802638,0.063369,0.019852
0.802918,0.063295,0.019805
0.803196,0.063219,0.019769
0.803491,0.063138,0.01972
0.80375,0.063073,0.019679
0.803982,0.063008,0.019636
0.804181,0.062967,0.019591
0.804394,0.062915,0.019542
0.804606,0.062843,0.019496
0.804837,0.062778,0.019459
0.805062,0.062719,0.019417
0.805262,0.062662,0.019367
0.805482,0.062605,0.019322
0.80568,0.062541,0.019291
0.8059,0.062467,0.019255
0.806082,0.062405,0.019217
0.806269,0.062349,0.019173
0.806466,0.062296,0.019135
0.806638,0.062241,0.019097
0.806846,0.0622,0.019047
0.80708,0.062145,0.019011
0.807262,0.062087,0.018986
0.80746,0.062031,0.018947
0.807641,0.06197,0.018915
0.807831,0.061911,0.018879
0.808022,0.061869,0.018834
0.808195,0.061814,0.018801
0.808338,0.061771,0.018764
0.808461,0.061725,0.018725
0.808579,0.061681,0.018696
0.808719,0.061644,0.018667
0.808873,0.061606,0.018633
0.809011,0.061582,0.018599
0.809135,0.061541,0.018565
0.809273,0.061495,0.018533
0.809398,0.061466,0.018502
0.809515,0.061424,0.01847
0.809667,0.061382,0.018425
0.809844,0.061321,0.018374
0.809988,0.061277,0.018345
0.81012,0.061236,0.018305
0.810266,0.061187,0.018275
0.810385,0.061151,0.018237
0.810494,0.061119,0.018208
0.8106,0.06109,0.018165
0.810707,0.061054,0.018128
0.810823,0.061014,0.018083
0.810959,0.060976,0.018053
0.811026,0.060944,0.018028
0.811152,0.060908,0.017993
0.811242,0.06088,0.017965
0.811342,0.060861,0.01794
0.811469,0.060821,0.017905
0.811587,0.060779,0.017864
0.811689,0.060749,0.017835
0.811791,0.060712,0.017806
0.811871,0.06068,0.017776
0.81199,0.060645,0.017742
0.812103,0.060614,0.017717
0.812204,0.060588,0.017683
0.812293,0.060558,0.017651
0.812431,0.060518,0.017619
0.812546,0.06048,0.017578
0.812648,0.060444,0.017548
0.812732,0.060421,0.017521
0.812817,0.060396,0.017492
0.812904,0.060362,0.017468
0.812998,0.060327,0.017429
0.813117,0.060288,0.017393
0.813213,0.060257,0.017359
0.813305,0.060224,0.017322
0.81341,0.060194,0.017296
0.813498,0.060172,0.017266
0.813615,0.060136,0.017234
0.81369,0.06011,0.01721
0.813768,0.060089,0.01718
0.813833,0.060066,0.017154
0.813916,0.060039,0.017135
0.813995,0.06001,0.017109
0.814084,0.059987,0.017082
0.814149,0.059969,0.017062
0.81423,0.05994,0.017032
0.814287,0.059919,0.017005
0.814339,0.059903,0.016979
0.814407,0.059872,0.016951
0.814479,0.059848,0.016919
0.814523,0.059829,0.016887
0.814596,0.059805,0.016853
0.814654,0.059789,0.016828
0.81473,0.05976,0.016796
0.814793,0.059743,0.016771
0.814843,0.05972,0.016752
0.814909,0.059694,0.01673
0.814967,0.059672,0.01671
0.815023,0.059653,0.016679
0.815065,0.05964,0.016655
0.815114,0.059617,0.016631
0.815165,0.059596,0.016609
0.81521,0.05958,0.016588
0.81526,0.05956,0.016568
0.815311,0.059548,0.016544
0.815343,0.059531,0.01652
0.815389,0.059514,0.016497
0.815435,0.059502,0.016474
0.81546,0.059485,0.016456
0.815518,0.059471,0.016437
0.815548,0.059453,0.016416
0.815592,0.059442,0.016388
0.815636,0.059429,0.016359
0.815685,0.059413,0.016324
0.815741,0.059391,0.016304
0.815793,0.059369,0.016291
0.815825,0.059355,0.016274
0.815887,0.059338,0.016248
0.815938,0.059314,0.016228
0.815973,0.059306,0.016211
0.816017,0.059291,0.016189
0.81607,0.059273,0.016167
0.816121,0.059252,0.016137
0.816173,0.059229,0.016116
0.816228,0.059211,0.016099
0.816259,0.059203,0.016076
0.816296,0.059191,0.016058
0.81635,0.059177,0.01603
0.816377,0.059165,0.016013
0.816425,0.059146,0.015992
0.816448,0.059129,0.015971
0.816512,0.059109,0.015945
0.816561,0.059089,0.015917
0.816599,0.059075,0.015887
0.816647,0.059056,0.015865
0.816693,0.059041,0.015838
0.816732,0.059031,0.015817
0.816776,0.059014,0.015799
0.816819,0.058995,0.015784
0.816849,0.058984,0.015762
0.816885,0.058968,0.01574
0.816946,0.058946,0.015721
0.816967,0.058936,0.015703
0.81701,0.05892,0.015687
0.81704,0.058909,0.015666
0.81708,0.058899,0.015646
0.817121,0.058884,0.015623
0.81715,0.05887,0.015599
0.817193,0.058854,0.015588
0.817231,0.058838,0.015571
0.817254,0.058821,0.015555
0.817309,0.058807,0.015534
0.817337,0.058788,0.015517
0.817382,0.058774,0.015502
0.817421,0.058751,0.015485
0.817461,0.058735,0.01547
0.817507,0.058716,0.015447
0.817556,0.058702,0.015429
0.817574,0.058695,0.015416
0.817615,0.058685,0.015391
0.817639,0.058673,0.015368
0.817684,0.058655,0.015337
0.817723,0.058643,0.015316
0.817768,0.058623,0.015281
0.817804,0.058602,0.015257
0.817838,0.058592,0.015233
0.817866,0.058581,0.015207
0.817896,0.058567,0.015191
0.817916,0.058559,0.015168
0.817958,0.058543,0.015144
0.817988,0.058531,0.015113
0.818017,0.058514,0.015092
0.818043,0.058499,0.015075
0.818077,0.058485,0.015062
0.818105,0.058469,0.015041
0.818128,0.058455,0.015027
0.818155,0.058443,0.015013
0.818176,0.058429,0.01499
0.818212,0.058419,0.014971
0.81824,0.05841,0.014944
0.818277,0.058397,0.014917
0.818303,0.058383,0.014895
0.818322,0.058373,0.014875
0.818353,0.058366,0.014853
0.818378,0.05835,0.014841
0.818416,0.058333,0.014813
0.818451,0.058322,0.014781
0.81848,0.05831,0.014762
0.818508,0.058298,0.014741
0.818535,0.058287,0.014722
0.818568,0.058277,0.014699
0.818607,0.058261,0.014682
0.818634,0.058246,0.014662
0.818655,0.058229,0.014646
0.818669,0.058221,0.014633
0.818703,0.058208,0.014618
0.818721,0.058193,0.014605
0.818758,0.058177,0.014593
0.818781,0.058164,0.014581
0.818798,0.058149,0.014566
0.818835,0.058138,0.014549
0.818852,0.058128,0.014532
0.818887,0.058111,0.014502
0.818927,0.058098,0.014479
0.818948,0.05809,0.014458
0.818972,0.058084,0.014445
0.818995,0.058072,0.014431
0.819007,0.058065,0.014421
0.819032,0.058049,0.014403
0.819053,0.058037,0.014389
0.819075,0.058027,0.014373
0.819093,0.058022,0.01436
0.819114,0.058009,0.014344
0.819147,0.057995,0.014324
0.81917,0.057986,0.014309
0.819197,0.057973,0.014293
0.819208,0.057964,0.01428
0.819236,0.057958,0.014256
0.819255,0.057948,0.014242
0.819273,0.057937,0.014226
0.819308,0.057917,0.014212
0.819336,0.057903,0.014192
0.819371,0.057895,0.01417
0.819392,0.057878,0.014147
0.819417,0.057871,0.014132
0.819463,0.05785,0.014114
0.819477,0.057841,0.014096
0.819499,0.057834,0.014081
0.819511,0.057823,0.014071
0.81954,0.05781,0.014057
0.81956,0.057794,0.014044
0.819579,0.057783,0.014032
0.819611,0.057774,0.014015
0.819638,0.057765,0.014001
0.819663,0.057755,0.01398
0.81968,0.057753,0.01396
0.819702,0.057746,0.013944
0.819724,0.05773,0.013929
0.819756,0.057723,0.013911
0.819782,0.057712,0.013895
0.819802,0.057702,0.013875
0.81983,0.057691,0.013857
0.81986,0.057679,0.013838
0.81988,0.057671,0.013824
0.819887,0.057659,0.013812
0.819942,0.057643,0.013783
0.819959,0.057631,0.013768
0.819987,0.057618,0.013752
0.820023,0.057597,0.013735
0.820054,0.057587,0.013721
0.820071,0.057571,0.013713
0.820082,0.057568,0.013699
0.820117,0.057555,0.013682
0.820134,0.057544,0.013673
0.820154,0.057534,0.013658
0.820189,0.057517,0.013643
0.820199,0.057508,0.01363
0.820232,0.057493,0.013609
0.820241,0.057485,0.0136
0.820264,0.057476,0.013581
0.82028,0.057462,0.01357
0.820314,0.057452,0.013553
0.820342,0.057443,0.013531
0.820367,0.057431,0.013512
0.820382,0.057424,0.013502
0.820404,0.057411,0.013485
0.82043,0.057398,0.013466
0.820452,0.057382,0.013453
0.820468,0.057377,0.013447
0.820487,0.057366,0.013423
0.82052,0.057353,0.013412
0.820548,0.05734,0.013397
0.820565,0.05733,0.013382
0.820583,0.057323,0.013369
0.820605,0.057314,0.01335
0.820621,0.057305,0.013337
0.820652,0.057292,0.013324
0.820667,0.057281,0.013311
0.820695,0.057267,0.013299
0.82071,0.057257,0.013284
0.820737,0.05725,0.013271
0.82075,0.057241,0.013258
0.820762,0.057235,0.013247
0.820781,0.057222,0.013235
0.820801,0.057213,0.013224
0.820828,0.057204,0.013205
0.820847,0.05719,0.013185
0.820878,0.05718,0.013166
0.820906,0.05717,0.013152
0.820909,0.057162,0.01314
0.820939,0.057147,0.013121
0.820979,0.057132,0.013104
0.820997,0.057121,0.013089
0.821013,0.057114,0.013072
0.821037,0.057104,0.013052
0.821058,0.057094,0.01304
0.821079,0.057079,0.013028
0.821107,0.05707,0.013011
0.821114,0.057061,0.013003
0.821136,0.057054,0.012989
0.821154,0.057046,0.012975
0.821174,0.057036,0.012962
0.821201,0.057023,0.012946
0.821221,0.057018,0.012928
0.821229,0.057011,0.012918
0.821251,0.057001,0.012912
0.821265,0.056985,0.012899
0.821276,0.056978,0.012889
0.821314,0.056967,0.012874
0.821331,0.056958,0.012859
0.82135,0.05695,0.012847
0.821383,0.05694,0.012831
0.821395,0.056928,0.012822
0.821404,0.056922,0.012809
0.821437,0.05691,0.012792
0.821453,0.056902,0.012771
0.821482,0.056891,0.012753
0.821502,0.056881,0.012743
0.821523,0.056871,0.012726
0.821539,0.056862,0.012712
0.821567,0.056853,0.012695
0.821583,0.056848,0.012682
0.82159,0.056841,0.012669
0.821607,0.056826,0.012659
0.821632,0.056817,0.012647
0.821675,0.056803,0.012623
0.821704,0.056794,0.012602
0.821719,0.05678,0.012591
0.821742,0.056768,0.012582
0.821758,0.056759,0.01257
0.821765,0.056756,0.01256
0.821787,0.056741,0.012556
0.821816,0.056731,0.012539
0.821833,0.056719,0.012533
0.82186,0.056707,0.012523
0.821859,0.056702,0.012513
0.821881,0.056695,0.012497
0.821909,0.056679,0.012486
0.821921,0.05667,0.012472
0.821962,0.056657,0.012454
0.821969,0.056648,0.012446
0.821982,0.056644,0.012439
0.822008,0.056632,0.012423
0.822025,0.056627,0.012406
0.822045,0.056616,0.012394
0.822053,0.056605,0.012388
0.822081,0.056593,0.012376
0.822103,0.056586,0.012365
0.822125,0.056576,0.012353
0.822136,0.056567,0.012342
0.822148,0.056559,0.01233
0.822169,0.056549,0.012319
0.822175,0.056543,0.012308
0.8222,0.05654,0.01229
0.822219,0.056533,0.012273
0.822241,0.056522,0.012263
0.822246,0.056517,0.012257
0.822272,0.056505,0.012245
0.822288,0.056495,0.012227
0.822313,0.056486,0.012216
0.822335,0.056475,0.012205
0.822343,0.056467,0.012197
0.822354,0.056462,0.012187
0.822375,0.056444,0.012181
0.822394,0.056437,0.012164
0.82242,0.056427,0.012157
0.822431,0.056422,0.012146
0.822462,0.05641,0.012131
0.822462,0.056406,0.012121
0.822479,0.056401,0.012111
0.822492,0.056392,0.012102
0.822513,0.05638,0.012095
0.82253,0.05637,0.012086
0.822543,0.056364,0.012071
0.822558,0.056357,0.012058
0.822589,0.056347,0.012046
0.822605,0.056335,0.012036
0.822626,0.056323,0.01203
0.822648,0.05631,0.012023
0.822662,0.056298,0.012015
0.822676,0.05629,0.012009
0.822684,0.056283,0.012002
0.822701,0.056276,0.011987
0.822712,0.056268,0.011979
0.822729,0.056265,0.01197
0.822741,0.056261,0.011961
0.822757,0.056254,0.011954
0.822759,0.056247,0.011946
0.822783,0.056241,0.011933
0.822783,0.056235,0.011922
0.822806,0.056225,0.011918
0.822816,0.056218,0.01191
0.822829,0.056211,0.0119
0.822837,0.056208,0.011888
0.822867,0.0562,0.011872
0.82288,0.05619,0.011862
0.822901,0.05618,0.011847
0.822928,0.056168,0.011835
0.82295,0.056159,0.011823
0.822966,0.056153,0.011808
0.82298,0.056143,0.011801
0.823,0.056133,0.011793
0.823005,0.056127,0.011788
0.823021,0.056122,0.011779
0.82304,0.056115,0.011765
0.823058,0.056105,0.011752
0.823079,0.056096,0.011742
0.823079,0.056089,0.011733
0.823112,0.05608,0.011719
0.823113,0.056076,0.011712
0.82313,0.056065,0.011706
0.823147,0.056055,0.0117
0.823167,0.056043,0.011686
0.823187,0.056033,0.011674
0.8232,0.056025,0.011664
0.823226,0.05602,0.011653
0.823231,0.056014,0.011649
0.823246,0.056006,0.011636
0.823262,0.055995,0.011627
0.823274,0.055987,0.01162
0.82329,0.05598,0.011609
0.823301,0.055973,0.011601
0.823319,0.055964,0.011594
0.82333,0.055959,0.011588
0.823342,0.055951,0.01158
0.823351,0.055943,0.011571
0.82338,0.055934,0.01156
0.823405,0.055922,0.011548
0.823414,0.055916,0.011538
0.823432,0.05591,0.011524
0.82345,0.055903,0.011511
0.823453,0.055898,0.011508
0.82347,0.055891,0.011501
0.823472,0.055886,0.011492
0.823487,0.055879,0.011482
0.823504,0.05587,0.011474
0.823516,0.055861,0.011466
0.82353,0.055852,0.011459
0.823547,0.055844,0.011449
0.823563,0.055839,0.011435
0.823572,0.055834,0.011431
0.823569,0.055829,0.011425
0.823593,0.055819,0.011413
0.823612,0.055813,0.011402
0.823622,0.055801,0.011397
0.823634,0.055796,0.011388
0.823643,0.05579,0.011378
0.823662,0.055784,0.011368
0.823678,0.055773,0.011365
0.823688,0.055768,0.011352
0.823708,0.05576,0.011335
0.823722,0.055756,0.011326
0.823731,0.055754,0.011321
0.823734,0.055749,0.011312
0.823752,0.055739,0.011306
0.823768,0.055731,0.011297
0.823781,0.055725,0.011293
0.823785,0.05572,0.011287
0.823805,0.055717,0.011277
0.823813,0.055708,0.011274
0.823813,0.055702,0.011271
0.82383,0.055697,0.011265
0.823851,0.055685,0.011258
0.82386,0.055682,0.01125
0.823877,0.055669,0.011241
0.823881,0.055664,0.011231
0.823893,0.055658,0.011228
0.823906,0.055649,0.011223
0.823928,0.055641,0.011211
0.823936,0.055632,0.011205
0.823961,0.055617,0.011196
0.823976,0.055611,0.011185
0.82399,0.055607,0.011174
0.824002,0.055604,0.011167
0.824012,0.055598,0.01116
0.824018,0.055597,0.011151
0.824026,0.055594,0.011145
0.824043,0.055586,0.011133
0.824061,0.055577,0.011122
0.824075,0.055569,0.011117
0.824088,0.055564,0.01111
0.824098,0.055561,0.011099
0.824102,0.055555,0.011092
0.824115,0.055547,0.011088
0.824121,0.055538,0.011082
0.82413,0.055535,0.011079
0.824149,0.05553,0.011069
0.824159,0.055522,0.011061
0.824177,0.055514,0.01105
0.824187,0.055505,0.01104
0.824202,0.055501,0.011031
0.824217,0.055496,0.011019
0.824221,0.055492,0.011015
0.824237,0.055484,0.011006
0.824245,0.055475,0.010998
0.824264,0.055469,0.010987
0.824274,0.055461,0.010981
0.824294,0.055455,0.010971
0.824312,0.055448,0.010965
0.824314,0.055446,0.01096
0.824325,0.055441,0.010948
0.824336,0.055432,0.01094
0.82435,0.055426,0.010936
0.824357,0.055421,0.010931
0.824368,0.055416,0.010924
0.824377,0.05541,0.010918
0.824391,0.055401,0.010911
0.82439,0.055396,0.010905
0.824422,0.055389,0.010897
0.824425,0.055385,0.010888
0.824433,0.055383,0.010883
0.824452,0.055376,0.010869
0.824453,0.05537,0.010863
0.824467,0.055364,0.010855
0.824491,0.055358,0.010849
0.824497,0.055355,0.010842
0.824512,0.055347,0.010833
0.824522,0.055343,0.010827
0.824531,0.055338,0.010818
0.82454,0.05533,0.010809
0.824559,0.055324,0.0108
0.824575,0.05532,0.010792
0.824585,0.055313,0.010786
0.824589,0.05531,0.01078
0.824596,0.055304,0.010775
0.824608,0.0553,0.010765
0.824628,0.05529,0.010755
0.824645,0.055282,0.010743
0.824661,0.055277,0.010733
0.824669,0.055272,0.010725
0.824677,0.05527,0.010719
0.824698,0.055263,0.010708
0.824705,0.055258,0.010697
0.824716,0.055255,0.010693
0.824718,0.055249,0.010688
0.824735,0.055243,0.01068
0.824745,0.05524,0.010672
0.824754,0.055238,0.010666
0.824751,0.05523,0.01066
0.824772,0.055226,0.01065
0.824786,0.055217,0.010645
0.824802,0.05521,0.010636
0.824815,0.055207,0.010631
0.824821,0.055201,0.010623
0.824836,0.055196,0.010618
0.824849,0.055188,0.010611
0.824869,0.055183,0.010602
0.824875,0.055178,0.010597
0.824877,0.055171,0.010592
0.824891,0.055169,0.010588
0.824905,0.055161,0.010577
0.824911,0.055156,0.010571
0.824931,0.055151,0.010561
0.824937,0.055143,0.010553
0.824951,0.055139,0.010547
0.824958,0.055136,0.01054
0.824958,0.055133,0.010532
0.824973,0.055127,0.010528
0.824985,0.055121,0.010521
0.82499,0.055116,0.010517
0.825002,0.055112,0.01051
0.825012,0.055104,0.010503
0.825017,0.0551,0.010497
0.825025,0.055093,0.010493
0.825043,0.055089,0.010486
0.825046,0.055083,0.010476
0.825055,0.055079,0.010473
0.82506,0.055076,0.010468
0.825077,0.055065,0.010461
0.825085,0.055064,0.010454
0.825096,0.05506,0.010451
0.825102,0.055058,0.010446
0.825105,0.055052,0.010439
0.825119,0.055047,0.010434
0.825124,0.055043,0.010428
0.825144,0.055038,0.01042
0.825155,0.055031,0.010412
0.825168,0.055023,0.010403
0.825169,0.055015,0.010399
0.82518,0.055012,0.010389
0.825201,0.05501,0.010379
0.825199,0.055002,0.010375
0.825222,0.054995,0.010367
0.825235,0.054986,0.010359
0.825242,0.05498,0.010351
0.825261,0.054974,0.010344
0.825266,0.054969,0.010341
0.825277,0.054968,0.010334
0.825276,0.054964,0.010331
0.82529,0.054959,0.010327
0.825295,0.054953,0.010325
0.825308,0.05495,0.010317
0.82531,0.054948,0.010312
0.825324,0.054943,0.010306
0.825329,0.054937,0.0103
0.825348,0.054928,0.010295
0.825355,0.054923,0.010284
0.825355,0.054919,0.010278
0.825375,0.054914,0.010266
0.825387,0.054907,0.010259
0.825401,0.054902,0.010254
0.825393,0.054901,0.010246
0.82541,0.054894,0.010239
0.825421,0.054889,0.010234
0.825434,0.054889,0.010226
0.825442,0.054883,0.01022
0.82545,0.054882,0.010215
0.825467,0.054879,0.010208
0.825466,0.054873,0.0102
0.825476,0.05487,0.010192
0.825493,0.054865,0.010187
0.825495,0.054863,0.010184
0.825503,0.054859,0.010179
0.825517,0.054857,0.010171
0.825517,0.054853,0.010167
0.825527,0.05485,0.010166
0.825538,0.054842,0.010159
0.825552,0.054838,0.010149
0.825559,0.054834,0.01014
0.825571,0.054832,0.010135
0.825577,0.05482,0.010128
0.825589,0.054819,0.010122
0.825595,0.054814,0.01012
0.825609,0.054804,0.010115
0.82562,0.0548,0.010106
0.825618,0.054798,0.010101
0.825636,0.054795,0.01009
0.825647,0.054787,0.010082
0.825654,0.054785,0.010078
0.825654,0.054785,0.010073
0.82567,0.054779,0.010068
0.825666,0.054776,0.010065
0.825686,0.054768,0.010057
0.8257,0.054762,0.010052
0.825697,0.054759,0.010046
0.825712,0.054757,0.01004
0.825706,0.054754,0.010033
0.825719,0.054751,0.010026
0.825731,0.054748,0.010017
0.825746,0.054739,0.010011
0.825753,0.054735,0.010005
0.82576,0.054732,0.009999
0.825768,0.054729,0.009991
0.825781,0.054724,0.009982
0.825782,0.054723,0.009976
0.825796,0.054721,0.009971
0.825794,0.054719,0.009966
0.825802,0.054716,0.009964
0.82581,0.054713,0.009956
0.825809,0.054709,0.009954
0.825828,0.054702,0.00995
0.825843,0.054695,0.009942
0.825848,0.054691,0.00994
0.825856,0.054688,0.009934
0.82587,0.054685,0.009928
0.825873,0.054679,0.009922
0.825878,0.054675,0.009915
0.82589,0.054672,0.009912
0.825904,0.054667,0.009901
0.825909,0.054661,0.009896
0.825933,0.054657,0.009887
0.825927,0.054654,0.009885
0.825933,0.05465,0.009877
0.825947,0.054643,0.009873
0.825962,0.054637,0.009867
0.825971,0.054633,0.009864
0.825982,0.05463,0.009855
0.825981,0.054627,0.009851
0.825989,0.054624,0.009842
0.825996,0.054621,0.00984
0.826003,0.054615,0.009837
0.826014,0.054615,0.009834
0.82601,0.054614,0.009829
0.826014,0.054609,0.009826
0.82603,0.054608,0.009819
0.826033,0.054602,0.009815
0.826057,0.054599,0.009802
0.826058,0.054594,0.009798
0.826064,0.05459,0.009794
0.826057,0.054588,0.009786
0.826076,0.054585,0.009779
0.82609,0.054581,0.009775
0.826087,0.054577,0.009769
0.826102,0.054572,0.009762
0.826109,0.05457,0.009758
0.826111,0.054567,0.009755
0.826109,0.054564,0.009753
0.826132,0.054559,0.009746
0.826141,0.054558,0.009739
0.826139,0.054556,0.009737
0.826143,0.05455,0.009733
0.82616,0.054546,0.009724
0.826164,0.054542,0.009719
0.826183,0.054535,0.009711
0.82619,0.05453,0.009705
0.82619,0.054527,0.009698
0.826202,0.054525,0.009697
0.826198,0.054522,0.009693
0.826211,0.05452,0.009689
0.826221,0.054518,0.009681
0.826219,0.054516,0.009675
0.82623,0.054511,0.009671
0.826242,0.054504,0.009663
0.826249,0.054502,0.009661
0.826254,0.054501,0.009653
0.82626,0.054495,0.009651
0.826269,0.054494,0.009649
0.826273,0.054491,0.009646
0.826283,0.054486,0.009639
0.826296,0.054482,0.009629
0.826305,0.054479,0.009619
0.826305,0.054477,0.009612
0.82632,0.054476,0.009605
0.826326,0.054474,0.009595
0.82633,0.054473,0.009586
0.826342,0.05447,0.009581
0.826349,0.054465,0.009577
0.826357,0.05446,0.009572
0.826369,0.054458,0.009566
0.826367,0.054456,0.00956
0.826381,0.054453,0.009553
0.826399,0.05445,0.009547
0.826397,0.054449,0.009542
0.826401,0.054446,0.009538
0.826405,0.054444,0.009534
0.826412,0.054443,0.009528
0.826414,0.054442,0.009522
0.826426,0.054438,0.009515
0.826427,0.054434,0.009513
0.826431,0.054426,0.00951
0.826448,0.054422,0.009506
0.826455,0.054417,0.009502
0.826468,0.054412,0.009494
0.826471,0.054407,0.009492
0.826476,0.054402,0.00949
0.826486,0.054399,0.009484
0.826491,0.054398,0.009481
0.826506,0.054391,0.009475
0.826502,0.054389,0.00947
0.826519,0.054387,0.009463
0.82652,0.054381,0.009458
0.826535,0.054377,0.009453
0.826535,0.054375,0.009449
0.826543,0.054373,0.009443
0.826552,0.05437,0.009439
0.826555,0.054368,0.00943
0.826567,0.054368,0.009424
0.826572,0.054362,0.009419
0.826586,0.054356,0.00941
0.82659,0.054355,0.009404
0.826587,0.054354,0.009399
0.82659,0.054351,0.009398
0.82661,0.054345,0.009395
0.826614,0.05434,0.009392
0.826616,0.054336,0.009391
0.826628,0.054332,0.009385
0.826632,0.054327,0.00938
0.826639,0.054326,0.009374
0.826639,0.054323,0.009372
0.826643,0.054318,0.009367
0.826668,0.054314,0.009363
0.826666,0.054312,0.00936
0.826668,0.054312,0.009353
0.826676,0.054308,0.009348
0.826685,0.054307,0.009342
0.826692,0.054306,0.009337
0.826697,0.054301,0.009333
0.826704,0.054299,0.00933
0.826698,0.054298,0.009329
0.826713,0.054296,0.009327
0.82672,0.054294,0.009322
0.826723,0.054291,0.009314
0.826729,0.054286,0.009311
0.826734,0.054283,0.00931
0.82673,0.054279,0.00931
0.826751,0.054275,0.009303
0.826758,0.054271,0.009296
0.826771,0.054262,0.009291
0.826775,0.054262,0.009285
0.826768,0.054258,0.009282
0.826794,0.054255,0.009277
0.826792,0.054252,0.009273
0.826802,0.054251,0.009267
0.826805,0.05425,0.009258
0.826816,0.054244,0.009251
0.826835,0.054241,0.009242
0.826832,0.05424,0.009236
0.826837,0.054235,0.009234
0.826845,0.054234,0.009231
0.826849,0.054232,0.009225
0.826857,0.054229,0.009216
0.826868,0.054227,0.009209
0.82687,0.054223,0.009205
0.826885,0.054221,0.009201
0.826894,0.054219,0.009196
0.826895,0.054216,0.009194
0.826906,0.054216,0.009186
0.826907,0.054214,0.00918
0.826912,0.054212,0.009177
0.826918,0.054212,0.009173
0.826924,0.054209,0.009164
0.826943,0.054202,0.00916
0.826942,0.054201,0.009152
0.826942,0.054199,0.009149
0.826949,0.054196,0.009143
0.826953,0.054193,0.009141
0.826967,0.054191,0.009135
0.826975,0.054187,0.00913
0.826976,0.054183,0.009124
0.826997,0.054178,0.009121
0.826982,0.054177,0.009118
0.827002,0.054174,0.009114
0.827002,0.054172,0.009112
0.827016,0.054167,0.009105
0.827016,0.054166,0.009099
0.827024,0.054161,0.009095
0.827025,0.054159,0.009093
0.827037,0.054156,0.009088
0.827041,0.054154,0.009085
0.827039,0.054152,0.009083
0.827052,0.054145,0.009079
0.827062,0.054142,0.009073
0.827065,0.054138,0.00907
0.827074,0.054138,0.009063
0.827069,0.054135,0.009059
0.827084,0.054134,0.009051
0.827093,0.054131,0.009046
0.8271,0.054129,0.009045
0.827093,0.054125,0.009044
0.827102,0.054121,0.009042
0.82711,0.054121,0.009039
0.82711,0.05412,0.009036
0.827103,0.054117,0.009032
0.827121,0.054115,0.009029
0.827113,0.054112,0.009029
0.827132,0.054109,0.009021
0.827142,0.054105,0.009014
0.827142,0.054103,0.009012
0.827152,0.0541,0.009011
0.827164,0.054097,0.009004
0.827167,0.054091,0.009
0.827178,0.054086,0.008999
0.827167,0.054086,0.008995
0.827179,0.054081,0.008991
0.827188,0.054078,0.008987
0.82719,0.054074,0.008982
0.8272,0.054071,0.00898
0.827207,0.054066,0.008975
0.82721,0.054063,0.00897
0.82722,0.054062,0.008968
0.827218,0.05406,0.008963
0.827218,0.054056,0.008962
0.827225,0.054054,0.00896
0.827224,0.05405,0.008958
0.827235,0.054048,0.008953
0.82724,0.054047,0.008948
0.827254,0.054042,0.008941
0.82726,0.054041,0.008935
0.827267,0.05404,0.008929
0.827273,0.054039,0.008925
0.827274,0.054037,0.008921
0.827284,0.054033,0.008916
0.827281,0.054033,0.008914
0.827298,0.054031,0.008907
0.827303,0.054029,0.008904
0.827305,0.054028,0.0089
0.827311,0.054025,0.008895
0.827317,0.054022,0.008892
0.827326,0.05402,0.008886
0.827325,0.054018,0.00888
0.827339,0.054017,0.008878
0.827339,0.054016,0.008872
0.827349,0.054015,0.008869
0.827352,0.05401,0.008864
0.827357,0.054009,0.008861
0.827353,0.054008,0.008857
0.827358,0.054007,0.008855
0.827364,0.054004,0.008852
0.82738,0.053998,0.008848
0.827381,0.053994,0.008847
0.82738,0.053993,0.008842
0.827388,0.053992,0.00884
0.827377,0.053992,0.008839
0.827387,0.053992,0.008836
0.82739,0.053989,0.008833
0.8274,0.053984,0.00883
0.827402,0.053982,0.008829
0.827398,0.053978,0.008829
0.827405,0.053975,0.008828
0.827419,0.053971,0.008826
0.827427,0.053969,0.00882
0.827426,0.053967,0.008817
0.827436,0.053961,0.008812
0.827443,0.053956,0.008808
0.827444,0.053952,0.008806
0.82745,0.05395,0.008803
0.827458,0.053943,0.008801
0.827464,0.053939,0.008799
0.827474,0.053937,0.008796
0.827473,0.053935,0.008791
0.827479,0.053931,0.008787
0.827486,0.05393,0.008783
0.827495,0.053927,0.00878
0.827489,0.053925,0.008778
0.827507,0.053923,0.008774
0.827513,0.053921,0.008765
0.827516,0.053918,0.008762
0.827528,0.053917,0.008758
0.827518,0.053916,0.008754
0.827523,0.053916,0.008749
0.827536,0.053915,0.008744
0.827546,0.053913,0.008738
0.827546,0.053909,0.008734
0.82755,0.053908,0.00873
0.827553,0.053903,0.008729
0.827562,0.053903,0.008722
0.827571,0.0539,0.008719
0.827577,0.053899,0.008713
0.827583,0.053898,0.008705
0.827582,0.053895,0.008702
0.827591,0.053892,0.0087
0.827597,0.053889,0.008695
0.827597,0.053888,0.008693
0.8276,0.053888,0.008691
0.827607,0.053885,0.008686
0.827605,0.053882,0.008681
0.827624,0.05388,0.008679
0.827622,0.053877,0.008677
0.827629,0.053876,0.008675
0.827635,0.053874,0.008666
0.827644,0.053872,0.008661
0.827639,0.053872,0.008657
0.82765,0.053868,0.008656
0.827652,0.053867,0.008653
0.827657,0.053867,0.008646
0.827663,0.053864,0.008642
0.82767,0.053863,0.008638
0.827672,0.053863,0.008634
0.827674,0.053862,0.008625
0.827685,0.05386,0.00862
0.827693,0.053855,0.008615
0.827695,0.053855,0.008614
0.827692,0.053853,0.008613
0.827696,0.053848,0.008613
0.827701,0.053846,0.00861
0.827702,0.053844,0.008606
0.827708,0.053843,0.008602
0.827707,0.053843,0.008601
0.827719,0.053842,0.008599
0.827717,0.053841,0.008595
0.827721,0.053839,0.008594
0.827724,0.053837,0.008593
0.82773,0.053836,0.008588
0.827737,0.053835,0.008586
0.827747,0.053833,0.008582
0.827749,0.053832,0.00858
0.82775,0.05383,0.008576
0.827752,0.05383,0.008575
0.827741,0.053827,0.00857
0.827756,0.053825,0.008567
0.827758,0.053824,0.00856
0.827759,0.053823,0.008558
0.827764,0.053823,0.008555
0.827776,0.053822,0.008551
0.827783,0.053815,0.008547
0.827785,0.053812,0.008543
0.827797,0.05381,0.008539
0.827801,0.053807,0.008538
0.827806,0.053807,0.008536
0.827809,0.053804,0.008533
0.827813,0.053803,0.008531
0.827804,0.053801,0.008528
0.827817,0.0538,0.008526
0.827823,0.053799,0.008519
0.827821,0.053796,0.008518
0.827831,0.053792,0.008513
0.827832,0.053789,0.00851
0.827845,0.053787,0.008509
0.827847,0.053787,0.008508
0.82785,0.053786,0.008505
0.827842,0.053786,0.008503
0.827859,0.053784,0.008501
0.827859,0.053782,0.008497
0.827865,0.05378,0.008492
0.827869,0.053777,0.008488
0.827875,0.053776,0.008485
0.827885,0.053774,0.00848
0.827884,0.053772,0.008478
0.827879,0.053772,0.008475
0.827884,0.05377,0.008471
0.827887,0.053766,0.008468
0.827896,0.053762,0.008466
0.827893,0.053762,0.008462
0.827914,0.053756,0.008457
0.827913,0.053753,0.008449
0.827925,0.053749,0.008447
0.827925,0.053745,0.008445
0.827946,0.053742,0.008439
0.827947,0.053741,0.008439
0.827949,0.053739,0.008434
0.827956,0.053736,0.008427
0.827951,0.053735,0.008425
0.827957,0.053734,0.008424
0.827968,0.053732,0.008421
0.827967,0.053731,0.008419
0.827973,0.053729,0.008416
0.827979,0.053722,0.008412
0.827984,0.053722,0.008409
0.827989,0.053722,0.008406
0.827993,0.05372,0.0084
0.827994,0.05372,0.008399
0.827996,0.05372,0.008396
0.828005,0.053717,0.00839
0.828009,0.053714,0.008388
0.828012,0.053713,0.008384
0.828013,0.053712,0.008384
0.828026,0.053709,0.00838
0.828019,0.053707,0.008377
0.828027,0.053707,0.008374
0.828029,0.053705,0.008369
0.828037,0.053703,0.008366
0.828045,0.053701,0.008364
0.828043,0.053701,0.008361
0.828052,0.0537,0.008359
0.828048,0.053699,0.008355
0.82805,0.053698,0.008351
0.828057,0.053696,0.008344
0.82807,0.053694,0.00834
0.828076,0.053694,0.008335
0.828078,0.053691,0.008333
0.828076,0.05369,0.008328
0.828083,0.053689,0.008327
0.828092,0.053687,0.008319
0.828092,0.053684,0.008315
0.828103,0.053682,0.008315
0.828108,0.05368,0.008313
0.828104,0.053679,0.008312
0.828106,0.053678,0.00831
0.828108,0.053676,0.008306
0.828106,0.053675,0.008305
0.828117,0.053674,0.008301
0.828129,0.053673,0.008292
0.828141,0.053671,0.008288
0.828124,0.053669,0.008286
0.82814,0.053669,0.008282
0.828138,0.053667,0.00828
0.828147,0.053667,0.008274
0.828147,0.053667,0.008272
0.828153,0.053665,0.008271
0.828153,0.053663,0.008268
0.828163,0.05366,0.008265
0.828168,0.053657,0.008262
0.828167,0.053656,0.008258
0.828178,0.053655,0.008257
0.828176,0.053653,0.008255
0.828175,0.053652,0.008254
0.828179,0.053651,0.008249
0.828188,0.05365,0.008246
0.828179,0.053648,0.008241
0.82819,0.053647,0.008236
0.828197,0.053644,0.008234
0.828203,0.053641,0.00823
